"name","notch","supername","package","side"
"et","et","","","0"
"Start","Start","","","0"
"RecipesArmor","oz","","net/minecraft/src","0"
"BiomeGenHills","aak","BiomeGenBase","net/minecraft/src","0"
"ComponentVillage","aav","StructureComponent","net/minecraft/src","0"
"ModelSheep1","cj","ModelQuadruped","net/minecraft/src","0"
"Packet1Login","xh","Packet","net/minecraft/src","0"
"GuiDownloadTerrain","dp","GuiScreen","net/minecraft/src","0"
"StatTypeTime","av","","net/minecraft/src","0"
"IProgressUpdate","ny","","net/minecraft/src","0"
"InventoryCraftResult","acm","","net/minecraft/src","0"
"SaveOldDir","wp","SaveHandler","net/minecraft/src","0"
"ItemHoe","gb","Item","net/minecraft/src","0"
"EntityFX","nv","Entity","net/minecraft/src","0"
"Packet54PlayNoteBlock","mq","Packet","net/minecraft/src","0"
"BlockNetherrack","ob","Block","net/minecraft/src","0"
"IBlockAccess","adg","","net/minecraft/src","0"
"RenderManager","aam","","net/minecraft/src","0"
"EntityEnderman","gz","EntityMob","net/minecraft/src","0"
"EntityAuraFX","sl","EntityFX","net/minecraft/src","0"
"BlockRedstoneRepeater","ne","Block","net/minecraft/src","0"
"ModelMinecart","wz","ModelBase","net/minecraft/src","0"
"Packet2Handshake","gy","Packet","net/minecraft/src","0"
"RenderGlobal","i","","net/minecraft/src","0"
"J_JsonArrayNodeBuilder","rh","","net/minecraft/src","0"
"ItemRecord","aau","Item","net/minecraft/src","0"
"WorldGenFlowers","pm","WorldGenerator","net/minecraft/src","0"
"BlockTallGrass","jx","BlockFlower","net/minecraft/src","0"
"ComponentStrongholdCrossing","abz","ComponentStronghold","net/minecraft/src","0"
"ModelBoat","rr","ModelBase","net/minecraft/src","0"
"ModelChest","zw","ModelBase","net/minecraft/src","0"
"EntityFlying","aco","EntityLiving","net/minecraft/src","0"
"EffectRenderer","bz","","net/minecraft/src","0"
"RegionFileChunkBuffer","tu","","net/minecraft/src","0"
"SoundPool","to","","net/minecraft/src","0"
"GuiSlotStatsBlock","dj","GuiSlotStats","net/minecraft/src","0"
"NetworkReaderThread","no","","net/minecraft/src","0"
"GuiConflictWarning","yw","GuiScreen","net/minecraft/src","0"
"MaterialPortal","xx","Material","net/minecraft/src","0"
"Packet106Transaction","id","Packet","net/minecraft/src","0"
"MovingObjectPosition","ma","","net/minecraft/src","0"
"BlockTNT","x","Block","net/minecraft/src","0"
"Material","wa","","net/minecraft/src","0"
"BlockStationary","xd","BlockFluid","net/minecraft/src","0"
"ChunkPosition","mw","","net/minecraft/src","0"
"BlockLeavesBase","hu","Block","net/minecraft/src","0"
"NextTickListEntry","jm","","net/minecraft/src","0"
"J_SajParser","ah","","net/minecraft/src","0"
"InventoryCrafting","wn","","net/minecraft/src","0"
"ComponentStrongholdRightTurn","ih","ComponentStrongholdLeftTurn","net/minecraft/src","0"
"EntityPigZombie","adn","EntityZombie","net/minecraft/src","0"
"Gui","lf","","net/minecraft/src","0"
"EntityFootStepFX","su","EntityFX","net/minecraft/src","0"
"FontRenderer","kh","","net/minecraft/src","0"
"GuiSlider","ace","GuiButton","net/minecraft/src","0"
"RenderItem","pj","Render","net/minecraft/src","0"
"ItemStack","ul","","net/minecraft/src","0"
"Packet31RelEntityMove","kp","Packet30Entity","net/minecraft/src","0"
"RenderGiantZombie","adr","RenderLiving","net/minecraft/src","0"
"SaveFormatOld","aas","","net/minecraft/src","0"
"EntityClientPlayerMP","aan","EntityPlayerSP","net/minecraft/src","0"
"MaterialWeb","uy","Material","net/minecraft/src","0"
"EntityPortalFX","xr","EntityFX","net/minecraft/src","0"
"BlockFence","vb","Block","net/minecraft/src","0"
"KeyBinding","ys","","net/minecraft/src","0"
"MapGenStructure","zo","MapGenBase","net/minecraft/src","0"
"BlockLeaves","pq","BlockLeavesBase","net/minecraft/src","0"
"BlockNote","ym","BlockContainer","net/minecraft/src","0"
"BlockLockedChest","vo","Block","net/minecraft/src","0"
"BiomeGenDesert","aah","BiomeGenBase","net/minecraft/src","0"
"StructureVillagePieceWeight","ct","","net/minecraft/src","0"
"StatsSyncher","qh","","net/minecraft/src","0"
"EnumDoorHelper","ai","","net/minecraft/src","0"
"EntityFallingSand","va","Entity","net/minecraft/src","0"
"ChunkFilePattern","zr","","net/minecraft/src","0"
"J_LeafFunctor","ao","","net/minecraft/src","0"
"ModelEnderman","pp","ModelBiped","net/minecraft/src","0"
"Packet28EntityVelocity","sr","Packet","net/minecraft/src","0"
"ComponentVillagePathGen","aat","ComponentVillageRoadPiece","net/minecraft/src","0"
"MapGenStronghold","sd","MapGenStructure","net/minecraft/src","0"
"J_JsonTrueNodeBuilder","aba","","net/minecraft/src","0"
"WorldGenDeadBush","vp","WorldGenerator","net/minecraft/src","0"
"ISaveHandler","acq","","net/minecraft/src","0"
"BlockFenceGate","abp","Block","net/minecraft/src","0"
"Packet130UpdateSign","abh","Packet","net/minecraft/src","0"
"RenderSlime","gw","RenderLiving","net/minecraft/src","0"
"RenderArrow","go","Render","net/minecraft/src","0"
"ItemPainting","adt","Item","net/minecraft/src","0"
"CodecMus","uc","","net/minecraft/src","0"
"GuiChest","tn","GuiContainer","net/minecraft/src","0"
"MinecraftError","nw","","net/minecraft/src","0"
"EntitySlimeFX","ip","EntityFX","net/minecraft/src","0"
"WorldGenDungeons","cq","WorldGenerator","net/minecraft/src","0"
"ItemRenderer","jo","","net/minecraft/src","0"
"WorldGenSand","dk","WorldGenerator","net/minecraft/src","0"
"SoundPoolEntry","pn","","net/minecraft/src","0"
"RenderLiving","dt","Render","net/minecraft/src","0"
"BlockCactus","xs","Block","net/minecraft/src","0"
"EntityPlayer","sz","EntityLiving","net/minecraft/src","0"
"BiomeGenBase","vh","","net/minecraft/src","0"
"MaterialLiquid","zy","Material","net/minecraft/src","0"
"SaveConverterMcRegion","ed","SaveFormatOld","net/minecraft/src","0"
"PlayerControllerSP","xu","PlayerController","net/minecraft/src","0"
"Packet12PlayerLook","mc","Packet10Flying","net/minecraft/src","0"
"ThreadCloseConnection","nn","","net/minecraft/src","0"
"LoadingScreenRenderer","gv","","net/minecraft/src","0"
"Packet6SpawnPosition","zi","Packet","net/minecraft/src","0"
"BlockBreakable","ff","Block","net/minecraft/src","0"
"TextureWaterFlowFX","xn","TextureFX","net/minecraft/src","0"
"IChunkProvider","bf","","net/minecraft/src","0"
"EntityCloudFX","abn","EntityFX","net/minecraft/src","0"
"EntityXPOrb","bg","Entity","net/minecraft/src","0"
"StructureBoundingBox","mp","","net/minecraft/src","0"
"BlockMushroom","aap","BlockFlower","net/minecraft/src","0"
"ThreadCheckHasPaid","fr","","net/minecraft/src","0"
"WorldGenLakes","bu","WorldGenerator","net/minecraft/src","0"
"WorldRenderer","bv","","net/minecraft/src","0"
"WorldGenLiquids","ns","WorldGenerator","net/minecraft/src","0"
"BlockObsidian","ru","BlockStone","net/minecraft/src","0"
"ThreadStatSyncherReceive","mf","","net/minecraft/src","0"
"SoundManager","oe","","net/minecraft/src","0"
"RenderPig","gq","RenderLiving","net/minecraft/src","0"
"EntitySuspendFX","il","EntityFX","net/minecraft/src","0"
"J_JsonStringNodeBuilder","e","","net/minecraft/src","0"
"RenderList","kw","","net/minecraft/src","0"
"WorldGenTallGrass","pc","WorldGenerator","net/minecraft/src","0"
"Packet13PlayerLookMove","cu","Packet10Flying","net/minecraft/src","0"
"ThreadDownloadImageData","cm","","net/minecraft/src","0"
"ModelRenderer","yn","","net/minecraft/src","0"
"GuiSleepMP","sq","GuiChat","net/minecraft/src","0"
"Empty1","du","","net/minecraft/src","0"
"BlockIce","hp","BlockBreakable","net/minecraft/src","0"
"TileEntityMobSpawner","bn","TileEntity","net/minecraft/src","0"
"Packet107CreativeSetSlot","cd","Packet","net/minecraft/src","0"
"RenderBlocks","qo","","net/minecraft/src","0"
"ComponentStrongholdStairs2","p","ComponentStrongholdStairs","net/minecraft/src","0"
"EntityWolf","ss","EntityAnimal","net/minecraft/src","0"
"ItemDoor","ts","Item","net/minecraft/src","0"
"TexturePackCustom","aca","TexturePackBase","net/minecraft/src","0"
"WorldInfo","rl","","net/minecraft/src","0"
"Packet","vl","","net/minecraft/src","0"
"CanvasMojangLogo","dh","","net/minecraft/src","0"
"EntitySnowball","pz","Entity","net/minecraft/src","0"
"ItemShears","at","Item","net/minecraft/src","0"
"Entity","kj","","net/minecraft/src","0"
"IChunkLoader","pl","","net/minecraft/src","0"
"J_JsonNodeFactories","ie","","net/minecraft/src","0"
"SorterStatsBlock","yo","","net/minecraft/src","0"
"BlockRedstoneOre","pu","Block","net/minecraft/src","0"
"StructureMineshaftPieces","ew","","net/minecraft/src","0"
"J_JsonNodeDoesNotMatchPathElementsException","pb","J_JsonNodeDoesNotMatchJsonNodeSelectorException","net/minecraft/src","0"
"RenderBiped","ox","RenderLiving","net/minecraft/src","0"
"ServerNBTStorage","kv","","net/minecraft/src","0"
"NBTTagDouble","aae","NBTBase","net/minecraft/src","0"
"ScreenShotHelper","ti","","net/minecraft/src","0"
"GuiControls","lo","GuiScreen","net/minecraft/src","0"
"BlockDetectorRail","yd","BlockRail","net/minecraft/src","0"
"ChatAllowedCharacters","sb","","net/minecraft/src","0"
"AxisAlignedBB","rp","","net/minecraft/src","0"
"WorldGenMinable","dc","WorldGenerator","net/minecraft/src","0"
"TexturedQuad","lg","","net/minecraft/src","0"
"GenLayerVillageLandscape","aaq","GenLayer","net/minecraft/src","0"
"TileEntitySign","od","TileEntity","net/minecraft/src","0"
"ComponentStrongholdLeftTurn","kz","ComponentStronghold","net/minecraft/src","0"
"BlockStone","co","Block","net/minecraft/src","0"
"Packet100OpenWindow","ey","Packet","net/minecraft/src","0"
"ComponentVillageWoodHut","adz","ComponentVillage","net/minecraft/src","0"
"TileEntityChestRenderer","aby","TileEntitySpecialRenderer","net/minecraft/src","0"
"Packet23VehicleSpawn","kl","Packet","net/minecraft/src","0"
"PathPoint","d","","net/minecraft/src","0"
"ModelGhast","vz","ModelBase","net/minecraft/src","0"
"ContainerCreative","li","Container","net/minecraft/src","0"
"EntitySlime","abm","EntityLiving","net/minecraft/src","0"
"Packet102WindowClick","zd","Packet","net/minecraft/src","0"
"ItemSoup","ay","ItemFood","net/minecraft/src","0"
"WorldGenSwamp","ar","WorldGenerator","net/minecraft/src","0"
"EntityEgg","mm","Entity","net/minecraft/src","0"
"RenderMinecart","aaf","Render","net/minecraft/src","0"
"GuiOptions","bj","GuiScreen","net/minecraft/src","0"
"Packet43Experience","gg","Packet","net/minecraft/src","0"
"GuiSlotServer","mr","GuiSlot","net/minecraft/src","0"
"TextureLavaFlowFX","eo","TextureFX","net/minecraft/src","0"
"ColorizerFoliage","fc","","net/minecraft/src","0"
"ChunkProviderSky","fa","","net/minecraft/src","0"
"EntityBubbleFX","ql","EntityFX","net/minecraft/src","0"
"GuiContainer","em","GuiScreen","net/minecraft/src","0"
"Packet27Position","yy","Packet","net/minecraft/src","0"
"EnumDoor","jg","","net/minecraft/src","0"
"EnumOptionsMappingHelper","sc","","net/minecraft/src","0"
"MaterialTransparent","gj","Material","net/minecraft/src","0"
"ISaveFormat","hr","","net/minecraft/src","0"
"GuiFurnace","ii","GuiContainer","net/minecraft/src","0"
"ComponentMineshaftCorridor","ku","StructureComponent","net/minecraft/src","0"
"TextureWatchFX","fu","TextureFX","net/minecraft/src","0"
"EntityItem","ee","Entity","net/minecraft/src","0"
"EntityPlayerSP","qs","EntityPlayer","net/minecraft/src","0"
"GenLayerRiverMix","acn","GenLayer","net/minecraft/src","0"
"NBTTagShort","ll","NBTBase","net/minecraft/src","0"
"EnumToolMaterial","pv","","net/minecraft/src","0"
"BlockCake","lm","Block","net/minecraft/src","0"
"ItemBoat","abt","Item","net/minecraft/src","0"
"BlockPressurePlate","pw","Block","net/minecraft/src","0"
"EntityRenderer","iw","","net/minecraft/src","0"
"ClippingHelper","qy","","net/minecraft/src","0"
"SpawnListEntry","as","WeightedRandomChoice","net/minecraft/src","0"
"EntitySkeleton","se","EntityMob","net/minecraft/src","0"
"BlockFluid","zp","Block","net/minecraft/src","0"
"J_ThingWithPosition","cr","","net/minecraft/src","0"
"PathEntity","qu","","net/minecraft/src","0"
"Render","px","","net/minecraft/src","0"
"BlockSoulSand","xg","Block","net/minecraft/src","0"
"MCHashEntry","nc","","net/minecraft/src","0"
"TileEntityPiston","lk","TileEntity","net/minecraft/src","0"
"BlockJukeBox","sa","BlockContainer","net/minecraft/src","0"
"StepSoundStone","ad","StepSound","net/minecraft/src","0"
"ItemSlab","ro","ItemBlock","net/minecraft/src","0"
"ModelWolf","os","ModelBase","net/minecraft/src","0"
"GuiYesNo","jj","GuiScreen","net/minecraft/src","0"
"Packet42RemoveEntityEffect","ww","Packet","net/minecraft/src","0"
"ItemPiston","zb","ItemBlock","net/minecraft/src","0"
"Packet4UpdateTime","th","Packet","net/minecraft/src","0"
"GuiAchievements","nr","GuiScreen","net/minecraft/src","0"
"EntityDamageSource","dz","DamageSource","net/minecraft/src","0"
"EnumArt","ev","","net/minecraft/src","0"
"Packet29DestroyEntity","zu","Packet","net/minecraft/src","0"
"EnumSkyBlock","rf","","net/minecraft/src","0"
"TextureFX","pg","","net/minecraft/src","0"
"CompressedStreamTools","aj","","net/minecraft/src","0"
"BiomeCacheBlock","abg","","net/minecraft/src","0"
"EntitySpider","bh","EntityMob","net/minecraft/src","0"
"GuiSlotStats","ex","GuiSlot","net/minecraft/src","0"
"StructureVillageStart","sk","StructureStart","net/minecraft/src","0"
"EntityMinecart","ads","Entity","net/minecraft/src","0"
"ItemSnowball","bw","Item","net/minecraft/src","0"
"EntityAnimal","aq","EntityCreature","net/minecraft/src","0"
"IMob","rw","","net/minecraft/src","0"
"J_Functor","of","","net/minecraft/src","0"
"ModelBiped","rx","ModelBase","net/minecraft/src","0"
"BlockDoor","vs","Block","net/minecraft/src","0"
"PlayerControllerTest","yf","PlayerController","net/minecraft/src","0"
"WatchableObject","wi","","net/minecraft/src","0"
"BlockCrops","hn","BlockFlower","net/minecraft/src","0"
"RecipesIngots","aar","","net/minecraft/src","0"
"GuiSmallButton","s","GuiButton","net/minecraft/src","0"
"MapDataBase","tl","","net/minecraft/src","0"
"StepSound","qm","","net/minecraft/src","0"
"ScaledResolution","za","","net/minecraft/src","0"
"Packet7UseEntity","a","Packet","net/minecraft/src","0"
"RenderWolf","ack","RenderLiving","net/minecraft/src","0"
"GuiVideoSettings","ho","GuiScreen","net/minecraft/src","0"
"GuiSlotStatsItem","bc","GuiSlotStats","net/minecraft/src","0"
"EntityLavaFX","da","EntityFX","net/minecraft/src","0"
"Session","dq","","net/minecraft/src","0"
"Packet105UpdateProgressbar","hf","Packet","net/minecraft/src","0"
"ItemVine","acx","ItemBlock","net/minecraft/src","0"
"ItemLog","uv","ItemBlock","net/minecraft/src","0"
"SlotCrafting","aeb","Slot","net/minecraft/src","0"
"MapStorage","td","","net/minecraft/src","0"
"J_JsonFieldNodeSelector","yx","J_LeafFunctor","net/minecraft/src","0"
"StructureStrongholdPieceWeight","aac","","net/minecraft/src","0"
"MusInputStream","wy","","net/minecraft/src","0"
"WorldGenFire","nt","WorldGenerator","net/minecraft/src","0"
"BlockStep","adx","Block","net/minecraft/src","0"
"StatBasic","nz","StatBase","net/minecraft/src","0"
"BlockRedstoneWire","aab","Block","net/minecraft/src","0"
"BlockGrass","nf","Block","net/minecraft/src","0"
"Explosion","zf","","net/minecraft/src","0"
"GuiSlotStatsGeneral","ko","GuiSlot","net/minecraft/src","0"
"ComponentStrongholdPrison","xy","ComponentStronghold","net/minecraft/src","0"
"ItemEgg","wm","Item","net/minecraft/src","0"
"StructureVillagePieces","oa","","net/minecraft/src","0"
"BlockRail","ya","Block","net/minecraft/src","0"
"ComponentVillageChurch","xv","ComponentVillage","net/minecraft/src","0"
"MapGenRavine","nj","MapGenBase","net/minecraft/src","0"
"GuiEditSign","ado","GuiScreen","net/minecraft/src","0"
"McRegionChunkLoader","gd","","net/minecraft/src","0"
"BlockOre","hc","Block","net/minecraft/src","0"
"BiomeGenPlains","hm","BiomeGenBase","net/minecraft/src","0"
"GuiScreen","qr","Gui","net/minecraft/src","0"
"DataWatcher","abc","","net/minecraft/src","0"
"Packet20NamedEntitySpawn","gt","Packet","net/minecraft/src","0"
"ItemCoal","jy","Item","net/minecraft/src","0"
"MovementInputFromOptions","gh","MovementInput","net/minecraft/src","0"
"Packet3Chat","yc","Packet","net/minecraft/src","0"
"GuiTexturePackSlot","bq","GuiSlot","net/minecraft/src","0"
"EntityGiantZombie","hv","EntityMob","net/minecraft/src","0"
"CanvasMinecraftApplet","m","","net/minecraft/src","0"
"EnumOS2","yb","","net/minecraft/src","0"
"Packet38EntityStatus","fb","Packet","net/minecraft/src","0"
"ItemArmor","mt","Item","net/minecraft/src","0"
"EnumAction","un","","net/minecraft/src","0"
"GuiParticle","rb","Gui","net/minecraft/src","0"
"ComponentStrongholdStairs","en","ComponentStronghold","net/minecraft/src","0"
"GuiScreenServerList","wj","GuiScreen","net/minecraft/src","0"
"Packet33RelEntityMoveLook","ix","Packet30Entity","net/minecraft/src","0"
"TextureWaterFX","mk","TextureFX","net/minecraft/src","0"
"WorldProviderSky","am","WorldProvider","net/minecraft/src","0"
"AchievementMap","b","","net/minecraft/src","0"
"Potion","ud","","net/minecraft/src","0"
"ComponentVillageTorch","xw","ComponentVillage","net/minecraft/src","0"
"BlockSand","st","Block","net/minecraft/src","0"
"StructureStrongholdStones","abu","StructurePieceBlockSelector","net/minecraft/src","0"
"WorldGenPumpkin","acs","WorldGenerator","net/minecraft/src","0"
"NBTTagCompound","xb","NBTBase","net/minecraft/src","0"
"WorldGenGlowStone2","kf","WorldGenerator","net/minecraft/src","0"
"ModelSkeleton","gc","ModelZombie","net/minecraft/src","0"
"Packet41EntityEffect","qx","Packet","net/minecraft/src","0"
"ComponentMineshaftCross","hq","StructureComponent","net/minecraft/src","0"
"ICrafting","rg","","net/minecraft/src","0"
"GuiInventory","abd","GuiContainer","net/minecraft/src","0"
"ItemFishingRod","qn","Item","net/minecraft/src","0"
"EntitySquid","adj","EntityWaterMob","net/minecraft/src","0"
"BiomeGenForest","zh","BiomeGenBase","net/minecraft/src","0"
"EntityCaveSpider","ec","EntitySpider","net/minecraft/src","0"
"GuiSelectWorld","jv","GuiScreen","net/minecraft/src","0"
"GuiIngameMenu","in","GuiScreen","net/minecraft/src","0"
"MapGenCavesHell","yg","MapGenBase","net/minecraft/src","0"
"ChunkProviderClient","ls","","net/minecraft/src","0"
"NBTTagFloat","k","NBTBase","net/minecraft/src","0"
"PotionEffect","ade","","net/minecraft/src","0"
"ComponentStrongholdStraight","ib","ComponentStronghold","net/minecraft/src","0"
"TileEntityFurnace","aaa","TileEntity","net/minecraft/src","0"
"EntityLiving","wd","Entity","net/minecraft/src","0"
"LayerIsland","xz","GenLayer","net/minecraft/src","0"
"IInvBasic","tr","","net/minecraft/src","0"
"PositionTextureVertex","tw","","net/minecraft/src","0"
"ChunkLoader","lb","","net/minecraft/src","0"
"GenLayerIsland","qf","GenLayer","net/minecraft/src","0"
"GuiErrorScreen","oy","GuiScreen","net/minecraft/src","0"
"BlockWeb","ju","Block","net/minecraft/src","0"
"ModelBase","fo","","net/minecraft/src","0"
"GuiIngame","abj","Gui","net/minecraft/src","0"
"ItemSapling","hb","ItemBlock","net/minecraft/src","0"
"ComponentVillageField","j","ComponentVillage","net/minecraft/src","0"
"EmptyChunk","vv","Chunk","net/minecraft/src","0"
"J_JsonFormatter","gu","","net/minecraft/src","0"
"ModelSheep2","he","ModelQuadruped","net/minecraft/src","0"
"ComponentVillageField2","mo","ComponentVillage","net/minecraft/src","0"
"GuiTexturePacks","df","GuiScreen","net/minecraft/src","0"
"NBTTagString","adb","NBTBase","net/minecraft/src","0"
"ChunkProviderLoadOrGenerate","fx","","net/minecraft/src","0"
"J_JsonFalseNodeBuilder","aaz","","net/minecraft/src","0"
"ChunkBlockMap","abv","","net/minecraft/src","0"
"GenLayerRiver","tj","GenLayer","net/minecraft/src","0"
"SaveHandler","dd","","net/minecraft/src","0"
"ShapelessRecipes","aaw","","net/minecraft/src","0"
"TextureFlamesFX","ke","TextureFX","net/minecraft/src","0"
"RenderCow","abr","RenderLiving","net/minecraft/src","0"
"BlockSponge","nk","Block","net/minecraft/src","0"
"BlockStem","xl","BlockFlower","net/minecraft/src","0"
"ItemMinecart","zm","Item","net/minecraft/src","0"
"BlockWorkbench","db","Block","net/minecraft/src","0"
"Packet26EntityExpOrb","is","Packet","net/minecraft/src","0"
"MapGenVillage","af","MapGenStructure","net/minecraft/src","0"
"BiomeGenRiver","hg","BiomeGenBase","net/minecraft/src","0"
"Packet201PlayerInfo","rd","Packet","net/minecraft/src","0"
"EntityCreature","tz","EntityLiving","net/minecraft/src","0"
"Teleporter","ln","","net/minecraft/src","0"
"StructureStrongholdPieceWeight2","ak","StructureStrongholdPieceWeight","net/minecraft/src","0"
"MapColor","rc","","net/minecraft/src","0"
"StructureStrongholdPieces","uw","","net/minecraft/src","0"
"RailLogic","mi","","net/minecraft/src","0"
"MapCoord","pi","","net/minecraft/src","0"
"Achievement","xf","StatBase","net/minecraft/src","0"
"J_JsonNodeDoesNotMatchChainedJsonNodeSelectorException","wr","J_JsonNodeDoesNotMatchJsonNodeSelectorException","net/minecraft/src","0"
"J_JsonListenerToJdomAdapter","we","","net/minecraft/src","0"
"TileEntityRecordPlayer","ck","TileEntity","net/minecraft/src","0"
"CanvasIsomPreview","pk","","net/minecraft/src","0"
"ImageBufferDownload","jw","","net/minecraft/src","0"
"ComponentVillageHouse1","acg","ComponentVillage","net/minecraft/src","0"
"J_JsonNumberNode","uk","J_JsonNode","net/minecraft/src","0"
"MouseHelper","acf","","net/minecraft/src","0"
"StatFileWriter","add","","net/minecraft/src","0"
"BiomeGenOcean","pa","BiomeGenBase","net/minecraft/src","0"
"EnumOptions","tq","","net/minecraft/src","0"
"WorldClient","gx","World","net/minecraft/src","0"
"MCHash","vc","","net/minecraft/src","0"
"BiomeDecorator","sp","","net/minecraft/src","0"
"BlockPistonMoving","lq","BlockContainer","net/minecraft/src","0"
"MinecraftImpl","fs","Minecraft","net/minecraft/src","0"
"Path","vt","","net/minecraft/src","0"
"J_JsonFieldBuilder","yk","","net/minecraft/src","0"
"Item","sv","","net/minecraft/src","0"
"J_JsonObjectNodeList","im","","net/minecraft/src","0"
"TileEntity","ij","","net/minecraft/src","0"
"BlockFlowing","if","BlockFluid","net/minecraft/src","0"
"EnumOSMappingHelper","fp","","net/minecraft/src","0"
"WorldGenTaiga1","iv","WorldGenerator","net/minecraft/src","0"
"InventoryPlayer","ui","","net/minecraft/src","0"
"Slot","sx","","net/minecraft/src","0"
"ModelBed","uq","","net/minecraft/src","0"
"EntityRainFX","nl","EntityFX","net/minecraft/src","0"
"ItemBed","wc","Item","net/minecraft/src","0"
"EntityCreeper","sn","EntityMob","net/minecraft/src","0"
"Packet101CloseWindow","wl","Packet","net/minecraft/src","0"
"Packet24MobSpawn","ut","Packet","net/minecraft/src","0"
"J_InvalidSyntaxException","adc","","net/minecraft/src","0"
"ItemRedstone","ty","Item","net/minecraft/src","0"
"PlayerListEntry","ji","","net/minecraft/src","0"
"Packet14BlockDig","fi","Packet","net/minecraft/src","0"
"OpenGlCapsChecker","qp","","net/minecraft/src","0"
"J_JsonStringNode","iy","J_JsonNode","net/minecraft/src","0"
"MapInfo","kg","","net/minecraft/src","0"
"NetClientHandler","wt","NetHandler","net/minecraft/src","0"
"ItemTool","cc","Item","net/minecraft/src","0"
"ImageBuffer","hk","","net/minecraft/src","0"
"Container","cf","","net/minecraft/src","0"
"EntityPig","mx","EntityAnimal","net/minecraft/src","0"
"GuiSavingLevelString","ab","","net/minecraft/src","0"
"GuiGameOver","qg","GuiScreen","net/minecraft/src","0"
"J_JsonNumberNodeBuilder","xj","","net/minecraft/src","0"
"GuiContainerCreative","on","GuiContainer","net/minecraft/src","0"
"EntityFish","wg","Entity","net/minecraft/src","0"
"Packet5PlayerInventory","ot","Packet","net/minecraft/src","0"
"NoiseGeneratorOctaves","lh","NoiseGenerator","net/minecraft/src","0"
"ItemBlock","qi","Item","net/minecraft/src","0"
"BlockPumpkin","rt","Block","net/minecraft/src","0"
"Packet30Entity","abe","Packet","net/minecraft/src","0"
"SorterStatsItem","dn","","net/minecraft/src","0"
"J_JdomParser","ek","","net/minecraft/src","0"
"RenderLightningBolt","ye","Render","net/minecraft/src","0"
"InventoryBasic","jf","","net/minecraft/src","0"
"ItemFood","aea","Item","net/minecraft/src","0"
"UnexpectedThrowable","gs","","net/minecraft/src","0"
"StatStringFormatKeyInv","fm","","net/minecraft/src","0"
"Packet255KickDisconnect","adw","Packet","net/minecraft/src","0"
"StatCrafting","aay","StatBase","net/minecraft/src","0"
"ItemBow","jn","Item","net/minecraft/src","0"
"J_JsonArrayNodeSelector","vk","J_LeafFunctor","net/minecraft/src","0"
"WorldGenBigTree","ua","WorldGenerator","net/minecraft/src","0"
"ItemSeeds","jt","Item","net/minecraft/src","0"
"WorldGenGlowStone1","dm","WorldGenerator","net/minecraft/src","0"
"EntitySmokeFX","adf","EntityFX","net/minecraft/src","0"
"EntityPickupFX","rn","EntityFX","net/minecraft/src","0"
"RecipesFood","xk","","net/minecraft/src","0"
"ContainerDispenser","zz","Container","net/minecraft/src","0"
"BlockSnowBlock","t","Block","net/minecraft/src","0"
"EntityGhast","pt","EntityFlying","net/minecraft/src","0"
"NBTTagLong","wk","NBTBase","net/minecraft/src","0"
"Packet131MapData","aa","Packet","net/minecraft/src","0"
"RenderSquid","rq","RenderLiving","net/minecraft/src","0"
"Particle","fw","","net/minecraft/src","0"
"EntityArrow","ki","Entity","net/minecraft/src","0"
"RegionFile","jc","","net/minecraft/src","0"
"GuiStats","ce","GuiScreen","net/minecraft/src","0"
"TexturePackBase","g","","net/minecraft/src","0"
"BlockRedstoneTorch","qq","BlockTorch","net/minecraft/src","0"
"BlockButton","ia","Block","net/minecraft/src","0"
"BlockBed","ly","Block","net/minecraft/src","0"
"NoiseGeneratorPerlin","ag","NoiseGenerator","net/minecraft/src","0"
"StatCollector","ca","","net/minecraft/src","0"
"J_ArrayNodeContainer","ws","","net/minecraft/src","0"
"GenLayer","rj","","net/minecraft/src","0"
"RenderFireball","vm","Render","net/minecraft/src","0"
"ThreadDownloadImage","aao","","net/minecraft/src","0"
"EntityCritFX","oi","EntityFX","net/minecraft/src","0"
"RegionFileCache","zl","","net/minecraft/src","0"
"ItemSpade","ach","ItemTool","net/minecraft/src","0"
"EnumJsonNodeTypeMappingHelper","ga","","net/minecraft/src","0"
"ComponentMineshaftRoom","ok","StructureComponent","net/minecraft/src","0"
"J_JsonNodeBuilders","aaj","","net/minecraft/src","0"
"ComponentVillageHouse4_Garden","do","ComponentVillage","net/minecraft/src","0"
"GuiSlot","ge","","net/minecraft/src","0"
"MapItemRenderer","uj","","net/minecraft/src","0"
"J_JsonArray","xm","J_JsonRootNode","net/minecraft/src","0"
"NBTTagEnd","gf","NBTBase","net/minecraft/src","0"
"GenLayerRiverInit","hl","GenLayer","net/minecraft/src","0"
"GuiCreateWorld","ry","GuiScreen","net/minecraft/src","0"
"RenderPainting","ch","Render","net/minecraft/src","0"
"IStatType","na","","net/minecraft/src","0"
"BlockPistonBase","ux","Block","net/minecraft/src","0"
"ModelLargeChest","qb","ModelChest","net/minecraft/src","0"
"Packet8UpdateHealth","cs","Packet","net/minecraft/src","0"
"CraftingManager","ef","","net/minecraft/src","0"
"FurnaceRecipes","cx","","net/minecraft/src","0"
"ComponentStrongholdStairsStraight","xi","ComponentStronghold","net/minecraft/src","0"
"EnumMovingObjectType","up","","net/minecraft/src","0"
"ThreadDownloadResources","bo","","net/minecraft/src","0"
"J_JsonElementNodeSelector","yv","J_LeafFunctor","net/minecraft/src","0"
"NBTTagByte","jh","NBTBase","net/minecraft/src","0"
"WorldGenForest","h","WorldGenerator","net/minecraft/src","0"
"StructureComponent","fj","","net/minecraft/src","0"
"BlockDirt","xt","Block","net/minecraft/src","0"
"RenderSnowball","bt","Render","net/minecraft/src","0"
"ThreadPollServers","bd","","net/minecraft/src","0"
"WeightedRandom","lx","","net/minecraft/src","0"
"BlockCloth","ri","Block","net/minecraft/src","0"
"DamageSource","je","","net/minecraft/src","0"
"RenderHelper","ow","","net/minecraft/src","0"
"SaveFormatComparator","lw","","net/minecraft/src","0"
"Packet15Place","dv","Packet","net/minecraft/src","0"
"Packet18Animation","hs","Packet","net/minecraft/src","0"
"RenderTNTPrimed","xp","Render","net/minecraft/src","0"
"RenderFallingSand","sw","Render","net/minecraft/src","0"
"ThreadRunIsoClient","le","","net/minecraft/src","0"
"TextureLavaFX","bb","TextureFX","net/minecraft/src","0"
"RecipesCrafting","vd","","net/minecraft/src","0"
"TileEntityNote","la","TileEntity","net/minecraft/src","0"
"ShapedRecipes","ug","","net/minecraft/src","0"
"WorldSettings","dx","","net/minecraft/src","0"
"RenderFish","yi","Render","net/minecraft/src","0"
"GuiMainMenu","sf","GuiScreen","net/minecraft/src","0"
"EnumStatus","bm","","net/minecraft/src","0"
"EntityLightningBolt","c","EntityWeatherEffect","net/minecraft/src","0"
"StructurePieceTreasure","el","WeightedRandomChoice","net/minecraft/src","0"
"GenLayerSmoothZoom","gi","GenLayer","net/minecraft/src","0"
"WorldBlockPositionType","ky","","net/minecraft/src","0"
"BlockFarmland","abx","Block","net/minecraft/src","0"
"WorldProviderSurface","js","WorldProvider","net/minecraft/src","0"
"RecipesDyes","hj","","net/minecraft/src","0"
"Packet103SetSlot","ei","Packet","net/minecraft/src","0"
"Packet34EntityTeleport","jr","Packet","net/minecraft/src","0"
"NBTTagInt","yl","NBTBase","net/minecraft/src","0"
"Packet53BlockChange","lc","Packet","net/minecraft/src","0"
"SlotArmor","yq","Slot","net/minecraft/src","0"
"World","rv","","net/minecraft/src","0"
"SignModel","zj","ModelBase","net/minecraft/src","0"
"IWorldAccess","yj","","net/minecraft/src","0"
"EntityWeatherEffect","og","Entity","net/minecraft/src","0"
"J_ChainedFunctor","oo","","net/minecraft/src","0"
"RenderBoat","cy","Render","net/minecraft/src","0"
"TileEntityRendererPiston","ej","TileEntitySpecialRenderer","net/minecraft/src","0"
"GenLayerZoom","re","GenLayer","net/minecraft/src","0"
"EntitySheep","bx","EntityAnimal","net/minecraft/src","0"
"ChunkCache","cv","","net/minecraft/src","0"
"Packet19EntityAction","aax","Packet","net/minecraft/src","0"
"GLAllocation","dl","","net/minecraft/src","0"
"IntCache","w","","net/minecraft/src","0"
"ChunkCoordIntPair","oh","","net/minecraft/src","0"
"RenderSilverfish","qt","RenderLiving","net/minecraft/src","0"
"ComponentVillageHouse2","bs","ComponentVillage","net/minecraft/src","0"
"ItemReed","wf","Item","net/minecraft/src","0"
"J_FieldNodeContainer","wu","","net/minecraft/src","0"
"BlockContainer","zt","Block","net/minecraft/src","0"
"GuiScreenAddServer","sg","GuiScreen","net/minecraft/src","0"
"GenLayerSmooth","ea","GenLayer","net/minecraft/src","0"
"MinecraftAppletImpl","l","Minecraft","net/minecraft/src","0"
"Packet52MultiBlockChange","acu","Packet","net/minecraft/src","0"
"NetworkMasterThread","nm","","net/minecraft/src","0"
"BlockMelon","cz","Block","net/minecraft/src","0"
"BlockChest","oj","BlockContainer","net/minecraft/src","0"
"J_JsonNodeSelectors","fk","","net/minecraft/src","0"
"ModelZombie","rm","ModelBiped","net/minecraft/src","0"
"ComponentStronghold","dw","StructureComponent","net/minecraft/src","0"
"ClippingHelperImpl","o","ClippingHelper","net/minecraft/src","0"
"EnumOS1","uu","","net/minecraft/src","0"
"BlockStairs","kn","Block","net/minecraft/src","0"
"Packet21PickupSpawn","hh","Packet","net/minecraft/src","0"
"BlockClay","zv","Block","net/minecraft/src","0"
"ChestItemRenderHelper","cg","","net/minecraft/src","0"
"TerrainTextureManager","abk","","net/minecraft/src","0"
"J_JsonNodeList","q","","net/minecraft/src","0"
"RecipeSorter","fy","","net/minecraft/src","0"
"J_NodeContainer","yp","","net/minecraft/src","0"
"Vec3D","ax","","net/minecraft/src","0"
"EntitySorter","fe","","net/minecraft/src","0"
"J_JsonRootNode","jb","J_JsonNode","net/minecraft/src","0"
"Packet25EntityPainting","ml","Packet","net/minecraft/src","0"
"Packet16BlockItemSwitch","tm","Packet","net/minecraft/src","0"
"NBTBase","eq","","net/minecraft/src","0"
"ItemDye","fq","Item","net/minecraft/src","0"
"Packet104WindowItems","vf","Packet","net/minecraft/src","0"
"ModelSlime","wx","ModelBase","net/minecraft/src","0"
"PotionHealth","abo","Potion","net/minecraft/src","0"
"J_JsonConstants","mh","J_JsonNode","net/minecraft/src","0"
"GuiCrafting","xq","GuiContainer","net/minecraft/src","0"
"Timer","yr","","net/minecraft/src","0"
"BlockFire","adv","Block","net/minecraft/src","0"
"BiomeCache","lz","","net/minecraft/src","0"
"EntityCrit2FX","eg","EntityFX","net/minecraft/src","0"
"ComponentStrongholdCorridor","hx","ComponentStronghold","net/minecraft/src","0"
"BlockTorch","mg","Block","net/minecraft/src","0"
"StepSoundSand","ac","StepSound","net/minecraft/src","0"
"ThreadSleepForever","fl","","net/minecraft/src","0"
"MouseFilter","bl","","net/minecraft/src","0"
"J_JsonNodeDoesNotMatchJsonNodeSelectorException","u","","net/minecraft/src","0"
"WorldGenerator","ir","","net/minecraft/src","0"
"BlockGlass","rz","BlockBreakable","net/minecraft/src","0"
"EntityFlameFX","jk","EntityFX","net/minecraft/src","0"
"NetHandler","kx","","net/minecraft/src","0"
"EntitySilverfish","mv","EntityMob","net/minecraft/src","0"
"PacketCounter","xc","","net/minecraft/src","0"
"Packet39AttachEntity","xa","Packet","net/minecraft/src","0"
"Packet50PreChunk","zx","Packet","net/minecraft/src","0"
"ModelSquid","nd","ModelBase","net/minecraft/src","0"
"EntityOtherPlayerMP","nx","EntityPlayer","net/minecraft/src","0"
"EnumCreatureType","vw","","net/minecraft/src","0"
"TileEntityMobSpawnerRenderer","y","TileEntitySpecialRenderer","net/minecraft/src","0"
"EntityLargeExplodeFX","gk","EntityFX","net/minecraft/src","0"
"SlotFurnace","acb","Slot","net/minecraft/src","0"
"WorldGenCactus","sj","WorldGenerator","net/minecraft/src","0"
"StatList","fd","","net/minecraft/src","0"
"ICamera","adu","","net/minecraft/src","0"
"Packet70Bed","qc","Packet","net/minecraft/src","0"
"GuiAchievement","mn","Gui","net/minecraft/src","0"
"EntityReddustFX","ub","EntityFX","net/minecraft/src","0"
"ModelPig","cl","ModelQuadruped","net/minecraft/src","0"
"ChunkFile","ci","","net/minecraft/src","0"
"OsMap","ld","","net/minecraft/src","0"
"GenLayerZoomVoronoi","vi","GenLayer","net/minecraft/src","0"
"MapGenMineshaft","adl","MapGenStructure","net/minecraft/src","0"
"NoiseGenerator","br","","net/minecraft/src","0"
"WorldGenHellLava","iz","WorldGenerator","net/minecraft/src","0"
"Packet11PlayerPosition","z","Packet10Flying","net/minecraft/src","0"
"RenderXPOrb","ou","Render","net/minecraft/src","0"
"MathHelper","et","","net/minecraft/src","0"
"BiomeGenHell","ov","BiomeGenBase","net/minecraft/src","0"
"EntityMob","tb","EntityCreature","net/minecraft/src","0"
"BlockSandStone","jp","Block","net/minecraft/src","0"
"TileEntityDispenser","an","TileEntity","net/minecraft/src","0"
"EntityHeartFX","vg","EntityFX","net/minecraft/src","0"
"GuiChat","so","GuiScreen","net/minecraft/src","0"
"GuiUnused","qe","GuiScreen","net/minecraft/src","0"
"ItemLeaves","lv","ItemBlock","net/minecraft/src","0"
"ContainerChest","az","Container","net/minecraft/src","0"
"BlockReed","zk","Block","net/minecraft/src","0"
"TexturePackList","er","","net/minecraft/src","0"
"TexturePortalFX","tp","TextureFX","net/minecraft/src","0"
"Packet254ServerPing","qw","Packet","net/minecraft/src","0"
"Chunk","vy","","net/minecraft/src","0"
"J_JsonNodeBuilder","vr","","net/minecraft/src","0"
"StructureStrongholdStart","abw","StructureStart","net/minecraft/src","0"
"EnumMobType","zs","","net/minecraft/src","0"
"NBTTagList","kk","NBTBase","net/minecraft/src","0"
"GenLayerTemperature","yt","GenLayer","net/minecraft/src","0"
"ItemSword","ja","Item","net/minecraft/src","0"
"WorldProviderHell","aci","WorldProvider","net/minecraft/src","0"
"TileEntityChest","fh","TileEntity","net/minecraft/src","0"
"WorldGenBigMushroom","mu","WorldGenerator","net/minecraft/src","0"
"BlockSapling","te","BlockFlower","net/minecraft/src","0"
"Packet71Weather","rs","Packet","net/minecraft/src","0"
"WorldGenTrees","oc","WorldGenerator","net/minecraft/src","0"
"GenLayerZoomFuzzy","acp","GenLayer","net/minecraft/src","0"
"Packet32EntityLook","kb","Packet30Entity","net/minecraft/src","0"
"IInventory","gl","","net/minecraft/src","0"
"StructureStart","lu","","net/minecraft/src","0"
"RenderEnderman","op","RenderLiving","net/minecraft/src","0"
"ContainerFurnace","pr","Container","net/minecraft/src","0"
"BiomeGenSky","jz","BiomeGenBase","net/minecraft/src","0"
"NetworkWriterThread","nq","","net/minecraft/src","0"
"GenLayerDownfallMix","abf","GenLayer","net/minecraft/src","0"
"EnumJsonNodeType","pf","","net/minecraft/src","0"
"J_ObjectNodeContainer","wq","","net/minecraft/src","0"
"ItemBucket","ap","Item","net/minecraft/src","0"
"BlockLog","mb","Block","net/minecraft/src","0"
"StatBase","acc","","net/minecraft/src","0"
"J_CompactJsonFormatter","cn","","net/minecraft/src","0"
"ModelCow","tg","ModelQuadruped","net/minecraft/src","0"
"BlockOreStorage","oq","Block","net/minecraft/src","0"
"WeightedRandomChoice","bi","","net/minecraft/src","0"
"RecipesWeapons","ada","","net/minecraft/src","0"
"J_JsonNode","ds","","net/minecraft/src","0"
"RenderSpider","aec","RenderLiving","net/minecraft/src","0"
"TexturePackDefault","io","TexturePackBase","net/minecraft/src","0"
"ComponentVillageHouse3","sm","ComponentVillage","net/minecraft/src","0"
"PlayerController","hw","","net/minecraft/src","0"
"EntityNoteFX","v","EntityFX","net/minecraft/src","0"
"GuiDispenser","dr","GuiContainer","net/minecraft/src","0"
"RenderChicken","eu","RenderLiving","net/minecraft/src","0"
"EntityChicken","ni","EntityAnimal","net/minecraft/src","0"
"PlayerCapabilities","nb","","net/minecraft/src","0"
"ItemPickaxe","al","ItemTool","net/minecraft/src","0"
"ModelSilverfish","abi","ModelBase","net/minecraft/src","0"
"RenderEngine","ur","","net/minecraft/src","0"
"EntityExplodeFX","ta","EntityFX","net/minecraft/src","0"
"IStatStringFormat","sy","","net/minecraft/src","0"
"Tessellator","xe","","net/minecraft/src","0"
"RenderSorter","gp","","net/minecraft/src","0"
"ChunkCoordinates","ps","","net/minecraft/src","0"
"BlockVine","xo","Block","net/minecraft/src","0"
"ChatLine","kq","","net/minecraft/src","0"
"ChunkFolderPattern","be","","net/minecraft/src","0"
"AchievementList","cp","","net/minecraft/src","0"
"IRecipe","ra","","net/minecraft/src","0"
"MD5String","tf","","net/minecraft/src","0"
"GameWindowListener","fn","","net/minecraft/src","0"
"ColorizerGrass","tv","","net/minecraft/src","0"
"ChunkProviderHell","yz","","net/minecraft/src","0"
"WorldChunkManagerHell","eb","WorldChunkManager","net/minecraft/src","0"
"BlockGravel","hi","BlockSand","net/minecraft/src","0"
"J_JsonObjectNodeBuilder","kr","","net/minecraft/src","0"
"ItemAxe","kt","ItemTool","net/minecraft/src","0"
"EntityZombie","abq","EntityMob","net/minecraft/src","0"
"TileEntitySignRenderer","it","TileEntitySpecialRenderer","net/minecraft/src","0"
"ChunkProvider","ic","","net/minecraft/src","0"
"ItemSign","abs","Item","net/minecraft/src","0"
"EntityWaterMob","pe","EntityCreature","net/minecraft/src","0"
"WorldGenReed","ue","WorldGenerator","net/minecraft/src","0"
"ModelQuadruped","ht","ModelBase","net/minecraft/src","0"
"StructureMineshaftStart","acj","StructureStart","net/minecraft/src","0"
"Packet17Sleep","ve","Packet","net/minecraft/src","0"
"IsoImageBuffer","jq","","net/minecraft/src","0"
"ItemCloth","po","ItemBlock","net/minecraft/src","0"
"ModelChicken","aai","ModelBase","net/minecraft/src","0"
"J_JsonEscapedString","ady","","net/minecraft/src","0"
"BlockPortal","ae","BlockBreakable","net/minecraft/src","0"
"GuiTextField","zq","Gui","net/minecraft/src","0"
"EntityHugeExplodeFX","acw","EntityFX","net/minecraft/src","0"
"PlayerControllerMP","np","PlayerController","net/minecraft/src","0"
"RenderEntity","gn","Render","net/minecraft/src","0"
"BlockTrapDoor","ig","Block","net/minecraft/src","0"
"ThreadStatSyncherSend","md","","net/minecraft/src","0"
"J_JsonNodeSelector","uz","","net/minecraft/src","0"
"ItemMap","ng","ItemMapBase","net/minecraft/src","0"
"EntityTNTPrimed","ze","Entity","net/minecraft/src","0"
"EntityPainting","jl","Entity","net/minecraft/src","0"
"Packet22Collect","qv","Packet","net/minecraft/src","0"
"BlockBookshelf","dy","Block","net/minecraft/src","0"
"TileEntityRenderer","vx","","net/minecraft/src","0"
"BlockFurnace","aag","BlockContainer","net/minecraft/src","0"
"WorldProvider","acz","","net/minecraft/src","0"
"BlockSnow","fg","Block","net/minecraft/src","0"
"BlockLever","adi","Block","net/minecraft/src","0"
"J_PositionTrackingPushbackReader","vu","","net/minecraft/src","0"
"Packet10Flying","ep","Packet","net/minecraft/src","0"
"EntitySnowShovelFX","hd","EntityFX","net/minecraft/src","0"
"StatTypeDistance","au","","net/minecraft/src","0"
"RecipesTools","tc","","net/minecraft/src","0"
"GenLayerDownfall","me","GenLayer","net/minecraft/src","0"
"J_JsonNullNodeBuilder","abb","","net/minecraft/src","0"
"InventoryLargeChest","hz","","net/minecraft/src","0"
"MapGenBase","sh","","net/minecraft/src","0"
"BlockSign","lj","BlockContainer","net/minecraft/src","0"
"GuiConnectFailed","cw","GuiScreen","net/minecraft/src","0"
"J_JsonObject","ft","J_JsonRootNode","net/minecraft/src","0"
"BlockMushroomCap","mj","Block","net/minecraft/src","0"
"MaterialLogic","pd","Material","net/minecraft/src","0"
"ComponentStrongholdRoomCrossing","vq","ComponentStronghold","net/minecraft/src","0"
"PanelCrashReport","qd","","net/minecraft/src","0"
"BiomeGenSwamp","aal","BiomeGenBase","net/minecraft/src","0"
"MovementInput","lp","","net/minecraft/src","0"
"Packet200Statistic","hy","Packet","net/minecraft/src","0"
"SpawnerAnimals","qk","","net/minecraft/src","0"
"WorldGenTaiga2","nh","WorldGenerator","net/minecraft/src","0"
"BlockSilverfish","zc","Block","net/minecraft/src","0"
"EntityDiggingFX","jd","EntityFX","net/minecraft/src","0"
"ContainerWorkbench","uf","Container","net/minecraft/src","0"
"NetworkManager","iq","","net/minecraft/src","0"
"TextureCompassFX","ph","TextureFX","net/minecraft/src","0"
"ComponentVillageWell","yh","ComponentVillage","net/minecraft/src","0"
"ContainerPlayer","r","Container","net/minecraft/src","0"
"GuiMultiplayer","wb","GuiScreen","net/minecraft/src","0"
"EntityFireball","ba","Entity","net/minecraft/src","0"
"WorldChunkManager","nu","","net/minecraft/src","0"
"ComponentVillageHall","n","ComponentVillage","net/minecraft/src","0"
"BlockDeadBush","ez","BlockFlower","net/minecraft/src","0"
"PlayerList","dg","","net/minecraft/src","0"
"ItemSaddle","ka","Item","net/minecraft/src","0"
"StatTypeSimple","aw","","net/minecraft/src","0"
"Packet61DoorChange","de","Packet","net/minecraft/src","0"
"EntityCow","py","EntityAnimal","net/minecraft/src","0"
"Empty2","tx","","net/minecraft/src","0"
"GuiWorldSlot","gr","GuiSlot","net/minecraft/src","0"
"TileEntitySpecialRenderer","uo","","net/minecraft/src","0"
"BlockDispenser","adh","BlockContainer","net/minecraft/src","0"
"BiomeGenTaiga","ol","BiomeGenBase","net/minecraft/src","0"
"BlockPane","acr","Block","net/minecraft/src","0"
"ThreadConnectToServer","acy","","net/minecraft/src","0"
"Packet51MapChunk","rk","Packet","net/minecraft/src","0"
"ComponentVillageRoadPiece","bk","ComponentVillage","net/minecraft/src","0"
"CanvasCrashReport","act","","net/minecraft/src","0"
"Packet9Respawn","ik","Packet","net/minecraft/src","0"
"RenderCreeper","or","RenderLiving","net/minecraft/src","0"
"RenderSheep","adm","RenderLiving","net/minecraft/src","0"
"ItemMapBase","qj","Item","net/minecraft/src","0"
"NibbleArray","my","","net/minecraft/src","0"
"BlockStoneBrick","zg","Block","net/minecraft/src","0"
"EntityBoat","di","Entity","net/minecraft/src","0"
"Block","lr","","net/minecraft/src","0"
"GuiButton","vj","Gui","net/minecraft/src","0"
"Packet40EntityMetadata","lt","Packet","net/minecraft/src","0"
"Pathfinder","si","","net/minecraft/src","0"
"MapData","uh","MapDataBase","net/minecraft/src","0"
"J_JsonStringNodeSelector","vn","J_LeafFunctor","net/minecraft/src","0"
"BlockFlower","ms","Block","net/minecraft/src","0"
"StringTranslate","wv","","net/minecraft/src","0"
"GameSettings","fv","","net/minecraft/src","0"
"Frustrum","km","","net/minecraft/src","0"
"BlockMobSpawner","bp","BlockContainer","net/minecraft/src","0"
"RenderGhast","iu","RenderLiving","net/minecraft/src","0"
"Packet0KeepAlive","wh","Packet","net/minecraft/src","0"
"Packet60Explosion","zn","Packet","net/minecraft/src","0"
"MinecraftException","abl","","net/minecraft/src","0"
"FoodStats","kc","","net/minecraft/src","0"
"GuiRenameWorld","us","GuiScreen","net/minecraft/src","0"
"ItemFlintAndSteel","adq","Item","net/minecraft/src","0"
"RedstoneUpdateInfo","adk","","net/minecraft/src","0"
"EntityDamageSourceIndirect","eh","EntityDamageSource","net/minecraft/src","0"
"J_JsonListener","acl","","net/minecraft/src","0"
"StructurePieceBlockSelector","qa","","net/minecraft/src","0"
"MapGenCaves","aad","MapGenBase","net/minecraft/src","0"
"EntityList","um","","net/minecraft/src","0"
"EntitySplashFX","ks","EntityRainFX","net/minecraft/src","0"
"BlockPistonExtension","om","Block","net/minecraft/src","0"
"ComponentMineshaftStairs","fz","StructureComponent","net/minecraft/src","0"
"BlockGlowStone","gm","Block","net/minecraft/src","0"
"ModelSpider","kd","ModelBase","net/minecraft/src","0"
"GenLayerTemperatureMix","by","GenLayer","net/minecraft/src","0"
"J_JsonObjectNodeSelector","yu","J_LeafFunctor","net/minecraft/src","0"
"ColorizerWater","tt","","net/minecraft/src","0"
"NBTTagByteArray","tk","NBTBase","net/minecraft/src","0"
"PistonBlockTextures","mz","","net/minecraft/src","0"
"ComponentVillageStartPiece","f","ComponentVillageWell","net/minecraft/src","0"
"ModelCreeper","es","ModelBase","net/minecraft/src","0"
"ComponentStrongholdLibrary","wo","ComponentStronghold","net/minecraft/src","0"
"SaveHandlerMP","acv","","net/minecraft/src","0"
"ChunkProviderGenerate","adp","","net/minecraft/src","0"
"WorldGenClay","ha","WorldGenerator","net/minecraft/src","0"
"BlockLadder","cb","Block","net/minecraft/src","0"
"RenderPlayer","qz","RenderLiving","net/minecraft/src","0"
"GuiConnecting","acd","GuiScreen","net/minecraft/src","0"
"MinecraftApplet","MinecraftApplet","","net/minecraft/client","0"
"Minecraft","Minecraft","","net/minecraft/client","0"
"RecipesArmor","s","","net/minecraft/src","1"
"BiomeGenHills","oy","BiomeGenBase","net/minecraft/src","1"
"ComponentVillage","pp","StructureComponent","net/minecraft/src","1"
"Packet1Login","la","Packet","net/minecraft/src","1"
"StatTypeTime","bg","","net/minecraft/src","1"
"IProgressUpdate","tn","","net/minecraft/src","1"
"InventoryCraftResult","sb","","net/minecraft/src","1"
"SaveOldDir","kd","PlayerNBTManager","net/minecraft/src","1"
"ItemHoe","iv","Item","net/minecraft/src","1"
"Packet54PlayNoteBlock","rn","Packet","net/minecraft/src","1"
"BlockNetherrack","tt","Block","net/minecraft/src","1"
"IBlockAccess","te","","net/minecraft/src","1"
"EntityEnderman","jx","EntityMob","net/minecraft/src","1"
"IPlayerFileData","gx","","net/minecraft/src","1"
"BlockRedstoneRepeater","sg","Block","net/minecraft/src","1"
"Packet2Handshake","jw","Packet","net/minecraft/src","1"
"ItemRecord","pl","Item","net/minecraft/src","1"
"WorldGenFlowers","ax","WorldGenerator","net/minecraft/src","1"
"BlockTallGrass","nv","BlockFlower","net/minecraft/src","1"
"ComponentStrongholdCrossing","rf","ComponentStronghold","net/minecraft/src","1"
"EntityFlying","si","EntityLiving","net/minecraft/src","1"
"RegionFileChunkBuffer","gs","","net/minecraft/src","1"
"NetworkReaderThread","ta","","net/minecraft/src","1"
"MaterialPortal","lr","Material","net/minecraft/src","1"
"Packet106Transaction","li","Packet","net/minecraft/src","1"
"MovingObjectPosition","qu","","net/minecraft/src","1"
"BlockTNT","ab","Block","net/minecraft/src","1"
"Material","jg","","net/minecraft/src","1"
"BlockStationary","kx","BlockFluid","net/minecraft/src","1"
"ChunkPosition","rw","","net/minecraft/src","1"
"BlockLeavesBase","ks","Block","net/minecraft/src","1"
"NextTickListEntry","na","","net/minecraft/src","1"
"InventoryCrafting","jy","","net/minecraft/src","1"
"ComponentStrongholdRightTurn","ls","ComponentStrongholdLeftTurn","net/minecraft/src","1"
"EntityPigZombie","tm","EntityZombie","net/minecraft/src","1"
"ItemStack","hm","","net/minecraft/src","1"
"Packet31RelEntityMove","ot","Packet30Entity","net/minecraft/src","1"
"SaveFormatOld","pk","","net/minecraft/src","1"
"MaterialWeb","ia","Material","net/minecraft/src","1"
"BlockFence","if","Block","net/minecraft/src","1"
"MapGenStructure","np","MapGenBase","net/minecraft/src","1"
"BlockLeaves","bc","BlockLeavesBase","net/minecraft/src","1"
"BlockNote","mi","BlockContainer","net/minecraft/src","1"
"BlockLockedChest","ip","Block","net/minecraft/src","1"
"BiomeGenDesert","ow","BiomeGenBase","net/minecraft/src","1"
"StructureVillagePieceWeight","dz","","net/minecraft/src","1"
"EnumDoorHelper","an","","net/minecraft/src","1"
"EntityFallingSand","id","Entity","net/minecraft/src","1"
"ChunkFilePattern","ns","","net/minecraft/src","1"
"Packet28EntityVelocity","fj","Packet","net/minecraft/src","1"
"ComponentVillagePathGen","pm","ComponentVillageRoadPiece","net/minecraft/src","1"
"MapGenStronghold","eu","MapGenStructure","net/minecraft/src","1"
"ServerWindowAdapter","v","","net/minecraft/src","1"
"WorldGenDeadBush","iq","WorldGenerator","net/minecraft/src","1"
"ISaveHandler","sm","","net/minecraft/src","1"
"BlockFenceGate","qm","Block","net/minecraft/src","1"
"Packet130UpdateSign","px","Packet","net/minecraft/src","1"
"ItemPainting","tw","Item","net/minecraft/src","1"
"WorldGenDungeons","dx","WorldGenerator","net/minecraft/src","1"
"PlayerHash","ew","","net/minecraft/src","1"
"WorldGenSand","fe","WorldGenerator","net/minecraft/src","1"
"BlockCactus","lo","Block","net/minecraft/src","1"
"EntityPlayer","fp","EntityLiving","net/minecraft/src","1"
"BiomeGenBase","il","","net/minecraft/src","1"
"MaterialLiquid","oh","Material","net/minecraft/src","1"
"SaveConverterMcRegion","gf","SaveFormatOld","net/minecraft/src","1"
"Packet12PlayerLook","qx","Packet10Flying","net/minecraft/src","1"
"Packet6SpawnPosition","nh","Packet","net/minecraft/src","1"
"BlockBreakable","hy","Block","net/minecraft/src","1"
"IChunkProvider","bz","","net/minecraft/src","1"
"EntityXPOrb","by","Entity","net/minecraft/src","1"
"StructureBoundingBox","rm","","net/minecraft/src","1"
"BlockMushroom","pe","BlockFlower","net/minecraft/src","1"
"WorldGenLakes","ct","WorldGenerator","net/minecraft/src","1"
"IUpdatePlayerListBox","ee","","net/minecraft/src","1"
"WorldGenLiquids","td","WorldGenerator","net/minecraft/src","1"
"BlockObsidian","ef","BlockStone","net/minecraft/src","1"
"WorldGenTallGrass","ak","WorldGenerator","net/minecraft/src","1"
"Packet13PlayerLookMove","ea","Packet10Flying","net/minecraft/src","1"
"Empty1","fq","","net/minecraft/src","1"
"BlockIce","kn","BlockBreakable","net/minecraft/src","1"
"TileEntityMobSpawner","cm","TileEntity","net/minecraft/src","1"
"Packet107CreativeSetSlot","dd","Packet","net/minecraft/src","1"
"PlayerInstance","ae","","net/minecraft/src","1"
"ComponentStrongholdStairs2","r","ComponentStrongholdStairs","net/minecraft/src","1"
"EntityWolf","fl","EntityAnimal","net/minecraft/src","1"
"ItemDoor","gq","Item","net/minecraft/src","1"
"WorldInfo","dq","","net/minecraft/src","1"
"Packet","in","","net/minecraft/src","1"
"EntitySnowball","bp","Entity","net/minecraft/src","1"
"ItemShears","bf","Item","net/minecraft/src","1"
"Entity","oo","","net/minecraft/src","1"
"IChunkLoader","aw","","net/minecraft/src","1"
"BlockRedstoneOre","bk","Block","net/minecraft/src","1"
"StructureMineshaftPieces","hg","","net/minecraft/src","1"
"NBTTagDouble","ov","NBTBase","net/minecraft/src","1"
"BlockDetectorRail","mb","BlockRail","net/minecraft/src","1"
"ChatAllowedCharacters","et","","net/minecraft/src","1"
"AxisAlignedBB","dw","","net/minecraft/src","1"
"WorldGenMinable","ep","WorldGenerator","net/minecraft/src","1"
"GenLayerVillageLandscape","pf","GenLayer","net/minecraft/src","1"
"TileEntitySign","tu","TileEntity","net/minecraft/src","1"
"ComponentStrongholdLeftTurn","pg","ComponentStronghold","net/minecraft/src","1"
"BlockStone","du","Block","net/minecraft/src","1"
"Packet100OpenWindow","hk","Packet","net/minecraft/src","1"
"ComponentVillageWoodHut","ua","ComponentVillage","net/minecraft/src","1"
"Packet23VehicleSpawn","oq","Packet","net/minecraft/src","1"
"PathPoint","d","","net/minecraft/src","1"
"EntitySlime","qg","EntityLiving","net/minecraft/src","1"
"Packet102WindowClick","my","Packet","net/minecraft/src","1"
"ItemSoup","br","ItemFood","net/minecraft/src","1"
"WorldGenSwamp","ba","WorldGenerator","net/minecraft/src","1"
"EntityEgg","rk","Entity","net/minecraft/src","1"
"ThreadLoginVerifier","ds","","net/minecraft/src","1"
"Packet43Experience","jc","Packet","net/minecraft/src","1"
"ChunkProviderSky","hq","","net/minecraft/src","1"
"Packet27Position","mq","Packet","net/minecraft/src","1"
"EnumDoor","mv","","net/minecraft/src","1"
"MaterialTransparent","jl","Material","net/minecraft/src","1"
"ISaveFormat","kq","","net/minecraft/src","1"
"ComponentMineshaftCorridor","oz","StructureComponent","net/minecraft/src","1"
"EntityItem","gh","Entity","net/minecraft/src","1"
"GenLayerRiverMix","sd","GenLayer","net/minecraft/src","1"
"NBTTagShort","qa","NBTBase","net/minecraft/src","1"
"EnumToolMaterial","bm","","net/minecraft/src","1"
"BlockCake","qb","Block","net/minecraft/src","1"
"ItemBoat","qs","Item","net/minecraft/src","1"
"BlockPressurePlate","bn","Block","net/minecraft/src","1"
"SpawnListEntry","bb","WeightedRandomChoice","net/minecraft/src","1"
"EntitySkeleton","ev","EntityMob","net/minecraft/src","1"
"BlockFluid","nr","Block","net/minecraft/src","1"
"PathEntity","cr","","net/minecraft/src","1"
"BlockSoulSand","kz","Block","net/minecraft/src","1"
"MCHashEntry","se","","net/minecraft/src","1"
"TileEntityPiston","pz","TileEntity","net/minecraft/src","1"
"BlockJukeBox","es","BlockContainer","net/minecraft/src","1"
"StepSoundStone","ag","StepSound","net/minecraft/src","1"
"ItemSlab","dt","ItemBlock","net/minecraft/src","1"
"Packet42RemoveEntityEffect","ko","Packet","net/minecraft/src","1"
"ItemPiston","mu","ItemBlock","net/minecraft/src","1"
"Packet4UpdateTime","ge","Packet","net/minecraft/src","1"
"EntityDamageSource","fy","DamageSource","net/minecraft/src","1"
"EnumArt","he","","net/minecraft/src","1"
"Packet29DestroyEntity","nw","Packet","net/minecraft/src","1"
"EnumSkyBlock","dk","","net/minecraft/src","1"
"GuiStatsComponent","it","","net/minecraft/src","1"
"CompressedStreamTools","aq","","net/minecraft/src","1"
"BiomeCacheBlock","pw","","net/minecraft/src","1"
"EntitySpider","cb","EntityMob","net/minecraft/src","1"
"StructureVillageStart","fa","StructureStart","net/minecraft/src","1"
"EntityMinecart","tv","Entity","net/minecraft/src","1"
"ItemSnowball","cu","Item","net/minecraft/src","1"
"EntityAnimal","ay","EntityCreature","net/minecraft/src","1"
"IMob","ei","","net/minecraft/src","1"
"BlockDoor","iy","Block","net/minecraft/src","1"
"WatchableObject","jr","","net/minecraft/src","1"
"BlockCrops","kl","BlockFlower","net/minecraft/src","1"
"RecipesIngots","pj","","net/minecraft/src","1"
"MapDataBase","gk","","net/minecraft/src","1"
"StepSound","cj","","net/minecraft/src","1"
"Packet7UseEntity","a","Packet","net/minecraft/src","1"
"Packet105UpdateProgressbar","ke","Packet","net/minecraft/src","1"
"ItemVine","ss","ItemBlock","net/minecraft/src","1"
"ItemLog","hw","ItemBlock","net/minecraft/src","1"
"SlotCrafting","uc","Slot","net/minecraft/src","1"
"MapStorage","fw","","net/minecraft/src","1"
"StructureStrongholdPieceWeight","ol","","net/minecraft/src","1"
"WorldGenFire","th","WorldGenerator","net/minecraft/src","1"
"BlockStep","tz","Block","net/minecraft/src","1"
"ThreadCommandReader","ch","","net/minecraft/src","1"
"StatBasic","tq","StatBase","net/minecraft/src","1"
"BlockRedstoneWire","on","Block","net/minecraft/src","1"
"BlockGrass","sh","Block","net/minecraft/src","1"
"Explosion","nc","","net/minecraft/src","1"
"ComponentStrongholdPrison","lv","ComponentStronghold","net/minecraft/src","1"
"ItemEgg","jv","Item","net/minecraft/src","1"
"StructureVillagePieces","tr","","net/minecraft/src","1"
"BlockRail","ly","Block","net/minecraft/src","1"
"ComponentVillageChurch","lq","ComponentVillage","net/minecraft/src","1"
"MapGenRavine","su","MapGenBase","net/minecraft/src","1"
"McRegionChunkLoader","ix","","net/minecraft/src","1"
"BlockOre","kb","Block","net/minecraft/src","1"
"BiomeGenPlains","km","BiomeGenBase","net/minecraft/src","1"
"DataWatcher","ps","","net/minecraft/src","1"
"Packet20NamedEntitySpawn","js","Packet","net/minecraft/src","1"
"ItemCoal","ny","Item","net/minecraft/src","1"
"Packet3Chat","lz","Packet","net/minecraft/src","1"
"EntityGiantZombie","ku","EntityMob","net/minecraft/src","1"
"Packet38EntityStatus","hr","Packet","net/minecraft/src","1"
"ItemArmor","rp","Item","net/minecraft/src","1"
"EnumAction","hp","","net/minecraft/src","1"
"ItemInWorldManager","qh","","net/minecraft/src","1"
"ComponentStrongholdStairs","gv","ComponentStronghold","net/minecraft/src","1"
"Packet33RelEntityMoveLook","ml","Packet30Entity","net/minecraft/src","1"
"WorldProviderSky","at","WorldProvider","net/minecraft/src","1"
"AchievementMap","b","","net/minecraft/src","1"
"Potion","hd","","net/minecraft/src","1"
"ComponentVillageTorch","lt","ComponentVillage","net/minecraft/src","1"
"BlockSand","fm","Block","net/minecraft/src","1"
"StructureStrongholdStones","qv","StructurePieceBlockSelector","net/minecraft/src","1"
"WorldGenPumpkin","sp","WorldGenerator","net/minecraft/src","1"
"NBTTagCompound","kv","NBTBase","net/minecraft/src","1"
"WorldGenGlowStone2","of","WorldGenerator","net/minecraft/src","1"
"Packet41EntityEffect","dc","Packet","net/minecraft/src","1"
"ComponentMineshaftCross","kp","StructureComponent","net/minecraft/src","1"
"ICrafting","dl","","net/minecraft/src","1"
"ItemFishingRod","ck","Item","net/minecraft/src","1"
"EntitySquid","ti","EntityWaterMob","net/minecraft/src","1"
"BiomeGenForest","nf","BiomeGenBase","net/minecraft/src","1"
"EntityCaveSpider","gb","EntitySpider","net/minecraft/src","1"
"MapGenCavesHell","mf","MapGenBase","net/minecraft/src","1"
"NBTTagFloat","n","NBTBase","net/minecraft/src","1"
"PotionEffect","tc","","net/minecraft/src","1"
"ComponentStrongholdStraight","lk","ComponentStronghold","net/minecraft/src","1"
"TileEntityFurnace","ok","TileEntity","net/minecraft/src","1"
"EntityLiving","jj","Entity","net/minecraft/src","1"
"LayerIsland","lx","GenLayer","net/minecraft/src","1"
"ServerConfigurationManager","gm","","net/minecraft/src","1"
"ChunkLoader","pi","","net/minecraft/src","1"
"GenLayerIsland","bu","GenLayer","net/minecraft/src","1"
"BlockWeb","nq","Block","net/minecraft/src","1"
"ItemSapling","jz","ItemBlock","net/minecraft/src","1"
"ComponentVillageField","m","ComponentVillage","net/minecraft/src","1"
"EmptyChunk","jd","Chunk","net/minecraft/src","1"
"ThreadServerApplication","ce","","net/minecraft/src","1"
"ComponentVillageField2","rl","ComponentVillage","net/minecraft/src","1"
"NBTTagString","sw","NBTBase","net/minecraft/src","1"
"PlayerHashEntry","mw","","net/minecraft/src","1"
"ChunkBlockMap","qz","","net/minecraft/src","1"
"GenLayerRiver","gi","GenLayer","net/minecraft/src","1"
"ShapelessRecipes","pn","","net/minecraft/src","1"
"BlockSponge","sx","Block","net/minecraft/src","1"
"BlockStem","le","BlockFlower","net/minecraft/src","1"
"ItemMinecart","nn","Item","net/minecraft/src","1"
"BlockWorkbench","em","Block","net/minecraft/src","1"
"Packet26EntityExpOrb","me","Packet","net/minecraft/src","1"
"MapGenVillage","ah","MapGenStructure","net/minecraft/src","1"
"BiomeGenRiver","kf","BiomeGenBase","net/minecraft/src","1"
"Packet201PlayerInfo","di","Packet","net/minecraft/src","1"
"EntityCreature","gz","EntityLiving","net/minecraft/src","1"
"Teleporter","qc","","net/minecraft/src","1"
"StructureStrongholdPieceWeight2","ao","StructureStrongholdPieceWeight","net/minecraft/src","1"
"MapColor","dg","","net/minecraft/src","1"
"StructureStrongholdPieces","hx","","net/minecraft/src","1"
"RailLogic","re","","net/minecraft/src","1"
"MapCoord","as","","net/minecraft/src","1"
"Achievement","ky","StatBase","net/minecraft/src","1"
"TileEntityRecordPlayer","dp","TileEntity","net/minecraft/src","1"
"ComponentVillageHouse1","ro","ComponentVillage","net/minecraft/src","1"
"BiomeGenOcean","aj","BiomeGenBase","net/minecraft/src","1"
"NetServerHandler","iw","NetHandler","net/minecraft/src","1"
"MCHash","ig","","net/minecraft/src","1"
"BiomeDecorator","fg","","net/minecraft/src","1"
"ConsoleCommandHandler","pc","","net/minecraft/src","1"
"BlockPistonMoving","qe","BlockContainer","net/minecraft/src","1"
"Path","iz","","net/minecraft/src","1"
"Item","fn","","net/minecraft/src","1"
"TileEntity","lu","","net/minecraft/src","1"
"BlockFlowing","lm","BlockFluid","net/minecraft/src","1"
"WorldGenTaiga1","mk","WorldGenerator","net/minecraft/src","1"
"InventoryPlayer","hl","","net/minecraft/src","1"
"Slot","fo","","net/minecraft/src","1"
"ModelBed","ht","","net/minecraft/src","1"
"ItemBed","jh","Item","net/minecraft/src","1"
"EntityCreeper","fd","EntityMob","net/minecraft/src","1"
"Packet101CloseWindow","ju","Packet","net/minecraft/src","1"
"Packet24MobSpawn","hv","Packet","net/minecraft/src","1"
"WorldManager","el","","net/minecraft/src","1"
"ItemRedstone","gw","Item","net/minecraft/src","1"
"Packet14BlockDig","ie","Packet","net/minecraft/src","1"
"MapInfo","oj","","net/minecraft/src","1"
"ItemTool","da","Item","net/minecraft/src","1"
"Container","df","","net/minecraft/src","1"
"EntityPig","ry","EntityAnimal","net/minecraft/src","1"
"EntityFish","jo","Entity","net/minecraft/src","1"
"Packet5PlayerInventory","o","Packet","net/minecraft/src","1"
"NoiseGeneratorOctaves","pt","NoiseGenerator","net/minecraft/src","1"
"ItemBlock","bw","Item","net/minecraft/src","1"
"BlockPumpkin","eg","Block","net/minecraft/src","1"
"Packet30Entity","pu","Packet","net/minecraft/src","1"
"ItemFood","ub","Item","net/minecraft/src","1"
"Packet255KickDisconnect","ty","Packet","net/minecraft/src","1"
"StatCrafting","pr","StatBase","net/minecraft/src","1"
"ItemBow","ne","Item","net/minecraft/src","1"
"WorldGenBigTree","hb","WorldGenerator","net/minecraft/src","1"
"ItemSeeds","nm","Item","net/minecraft/src","1"
"WorldGenGlowStone1","ff","WorldGenerator","net/minecraft/src","1"
"PlayerListBox","k","","net/minecraft/src","1"
"RecipesFood","ld","","net/minecraft/src","1"
"ContainerDispenser","oi","Container","net/minecraft/src","1"
"BlockSnowBlock","u","Block","net/minecraft/src","1"
"PlayerManager","so","","net/minecraft/src","1"
"EntityGhast","bh","EntityFlying","net/minecraft/src","1"
"NBTTagLong","jt","NBTBase","net/minecraft/src","1"
"Packet131MapData","ac","Packet","net/minecraft/src","1"
"EntityArrow","om","Entity","net/minecraft/src","1"
"RegionFile","mp","","net/minecraft/src","1"
"ServerGuiCommandListener","w","","net/minecraft/src","1"
"BlockRedstoneTorch","cn","BlockTorch","net/minecraft/src","1"
"BlockButton","lh","Block","net/minecraft/src","1"
"BlockBed","qt","Block","net/minecraft/src","1"
"NoiseGeneratorPerlin","ai","NoiseGenerator","net/minecraft/src","1"
"StatCollector","cx","","net/minecraft/src","1"
"GenLayer","dn","","net/minecraft/src","1"
"RegionFileCache","nl","","net/minecraft/src","1"
"ItemSpade","rr","ItemTool","net/minecraft/src","1"
"ComponentMineshaftRoom","f","StructureComponent","net/minecraft/src","1"
"ComponentVillageHouse4_Garden","fh","ComponentVillage","net/minecraft/src","1"
"NBTTagEnd","jb","NBTBase","net/minecraft/src","1"
"GenLayerRiverInit","kj","GenLayer","net/minecraft/src","1"
"IStatType","sa","","net/minecraft/src","1"
"BlockPistonBase","hz","Block","net/minecraft/src","1"
"Packet8UpdateHealth","dy","Packet","net/minecraft/src","1"
"GuiLogFormatter","gr","","net/minecraft/src","1"
"CraftingManager","gg","","net/minecraft/src","1"
"FurnaceRecipes","ec","","net/minecraft/src","1"
"EntityTracker","qy","","net/minecraft/src","1"
"ComponentStrongholdStairsStraight","lb","ComponentStronghold","net/minecraft/src","1"
"EnumMovingObjectType","hs","","net/minecraft/src","1"
"ConsoleLogFormatter","sf","","net/minecraft/src","1"
"NBTTagByte","mt","NBTBase","net/minecraft/src","1"
"WorldGenForest","j","WorldGenerator","net/minecraft/src","1"
"StructureComponent","ih","","net/minecraft/src","1"
"BlockDirt","lp","Block","net/minecraft/src","1"
"EntityPlayerMP","ek","EntityPlayer","net/minecraft/src","1"
"ServerCommand","ap","","net/minecraft/src","1"
"WeightedRandom","qp","","net/minecraft/src","1"
"BlockCloth","dm","Block","net/minecraft/src","1"
"DamageSource","mr","","net/minecraft/src","1"
"Packet15Place","fr","Packet","net/minecraft/src","1"
"Packet18Animation","kr","Packet","net/minecraft/src","1"
"RecipesCrafting","ii","","net/minecraft/src","1"
"TileEntityNote","ph","TileEntity","net/minecraft/src","1"
"ShapedRecipes","hi","","net/minecraft/src","1"
"WorldSettings","fv","","net/minecraft/src","1"
"EnumStatus","cl","","net/minecraft/src","1"
"EntityLightningBolt","c","EntityWeatherEffect","net/minecraft/src","1"
"StructurePieceTreasure","gt","WeightedRandomChoice","net/minecraft/src","1"
"GenLayerSmoothZoom","ji","GenLayer","net/minecraft/src","1"
"BlockFarmland","rc","Block","net/minecraft/src","1"
"WorldProviderSurface","nk","WorldProvider","net/minecraft/src","1"
"RecipesDyes","ki","","net/minecraft/src","1"
"Packet103SetSlot","go","Packet","net/minecraft/src","1"
"Packet34EntityTeleport","ni","Packet","net/minecraft/src","1"
"NBTTagInt","mh","NBTBase","net/minecraft/src","1"
"Packet53BlockChange","pq","Packet","net/minecraft/src","1"
"SlotArmor","mj","Slot","net/minecraft/src","1"
"GuiLogOutputHandler","cz","","net/minecraft/src","1"
"World","eh","","net/minecraft/src","1"
"IWorldAccess","mg","","net/minecraft/src","1"
"EntityWeatherEffect","ud","Entity","net/minecraft/src","1"
"EntityTrackerEntry","gp","","net/minecraft/src","1"
"GenLayerZoom","dj","GenLayer","net/minecraft/src","1"
"EntitySheep","cv","EntityAnimal","net/minecraft/src","1"
"ChunkCache","eb","","net/minecraft/src","1"
"Packet19EntityAction","po","Packet","net/minecraft/src","1"
"IntCache","y","","net/minecraft/src","1"
"ChunkCoordIntPair","ue","","net/minecraft/src","1"
"ComponentVillageHouse2","cq","ComponentVillage","net/minecraft/src","1"
"ItemReed","jm","Item","net/minecraft/src","1"
"BlockContainer","nx","Block","net/minecraft/src","1"
"GenLayerSmooth","fz","GenLayer","net/minecraft/src","1"
"Packet52MultiBlockChange","sq","Packet","net/minecraft/src","1"
"NetworkMasterThread","sy","","net/minecraft/src","1"
"BlockMelon","ej","Block","net/minecraft/src","1"
"BlockChest","e","BlockContainer","net/minecraft/src","1"
"ComponentStronghold","ft","StructureComponent","net/minecraft/src","1"
"BlockStairs","os","Block","net/minecraft/src","1"
"Packet21PickupSpawn","kh","Packet","net/minecraft/src","1"
"BlockClay","ob","Block","net/minecraft/src","1"
"RecipeSorter","is","","net/minecraft/src","1"
"Vec3D","bl","","net/minecraft/src","1"
"Packet25EntityPainting","rj","Packet","net/minecraft/src","1"
"IAnimals","aa","","net/minecraft/src","1"
"Packet16BlockItemSwitch","gn","Packet","net/minecraft/src","1"
"NBTBase","ha","","net/minecraft/src","1"
"ItemDye","io","Item","net/minecraft/src","1"
"Packet104WindowItems","ik","Packet","net/minecraft/src","1"
"PotionHealth","ql","Potion","net/minecraft/src","1"
"PlayerNBTManager","eq","","net/minecraft/src","1"
"BlockFire","tx","Block","net/minecraft/src","1"
"BiomeCache","qr","","net/minecraft/src","1"
"ComponentStrongholdCorridor","lc","ComponentStronghold","net/minecraft/src","1"
"NetworkAcceptThread","nz","","net/minecraft/src","1"
"BlockTorch","rd","Block","net/minecraft/src","1"
"StepSoundSand","ad","StepSound","net/minecraft/src","1"
"ThreadSleepForever","ci","","net/minecraft/src","1"
"WorldGenerator","mc","","net/minecraft/src","1"
"BlockGlass","eo","BlockBreakable","net/minecraft/src","1"
"WorldServerMulti","fk","WorldServer","net/minecraft/src","1"
"NetHandler","pd","","net/minecraft/src","1"
"EntitySilverfish","rv","EntityMob","net/minecraft/src","1"
"ConvertProgressUpdater","cg","","net/minecraft/src","1"
"PacketCounter","kw","","net/minecraft/src","1"
"Packet39AttachEntity","kt","Packet","net/minecraft/src","1"
"Packet50PreChunk","og","Packet","net/minecraft/src","1"
"EnumCreatureType","je","","net/minecraft/src","1"
"SlotFurnace","rh","Slot","net/minecraft/src","1"
"WorldGenCactus","ez","WorldGenerator","net/minecraft/src","1"
"StatList","hu","","net/minecraft/src","1"
"Packet70Bed","bs","Packet","net/minecraft/src","1"
"ChunkFile","dh","","net/minecraft/src","1"
"GenLayerZoomVoronoi","im","GenLayer","net/minecraft/src","1"
"MapGenMineshaft","tl","MapGenStructure","net/minecraft/src","1"
"NoiseGenerator","cp","","net/minecraft/src","1"
"WorldGenHellLava","mn","WorldGenerator","net/minecraft/src","1"
"Packet11PlayerPosition","z","Packet10Flying","net/minecraft/src","1"
"MathHelper","hc","","net/minecraft/src","1"
"BiomeGenHell","q","BiomeGenBase","net/minecraft/src","1"
"EntityMob","fs","EntityCreature","net/minecraft/src","1"
"BlockSandStone","ng","Block","net/minecraft/src","1"
"TileEntityDispenser","au","TileEntity","net/minecraft/src","1"
"ItemLeaves","qk","ItemBlock","net/minecraft/src","1"
"ContainerChest","bt","Container","net/minecraft/src","1"
"BlockReed","nj","Block","net/minecraft/src","1"
"Packet254ServerPing","db","Packet","net/minecraft/src","1"
"Chunk","jf","","net/minecraft/src","1"
"StructureStrongholdStart","ra","StructureStart","net/minecraft/src","1"
"EnumMobType","nu","","net/minecraft/src","1"
"NBTTagList","or","NBTBase","net/minecraft/src","1"
"GenLayerTemperature","mm","GenLayer","net/minecraft/src","1"
"ItemSword","mo","Item","net/minecraft/src","1"
"ConsoleLogManager","gd","","net/minecraft/src","1"
"WorldProviderHell","rt","WorldProvider","net/minecraft/src","1"
"TileEntityChest","ic","TileEntity","net/minecraft/src","1"
"WorldGenBigMushroom","rs","WorldGenerator","net/minecraft/src","1"
"BlockSapling","gc","BlockFlower","net/minecraft/src","1"
"Packet71Weather","ed","Packet","net/minecraft/src","1"
"WorldGenTrees","ts","WorldGenerator","net/minecraft/src","1"
"GenLayerZoomFuzzy","sk","GenLayer","net/minecraft/src","1"
"Packet32EntityLook","od","Packet30Entity","net/minecraft/src","1"
"IInventory","jn","","net/minecraft/src","1"
"StructureStart","qj","","net/minecraft/src","1"
"ContainerFurnace","be","Container","net/minecraft/src","1"
"BiomeGenSky","oa","BiomeGenBase","net/minecraft/src","1"
"NetworkWriterThread","tb","","net/minecraft/src","1"
"GenLayerDownfallMix","pv","GenLayer","net/minecraft/src","1"
"ItemBucket","av","Item","net/minecraft/src","1"
"BlockLog","qw","Block","net/minecraft/src","1"
"StatBase","ri","","net/minecraft/src","1"
"BlockOreStorage","l","Block","net/minecraft/src","1"
"NetworkListenThread","dr","","net/minecraft/src","1"
"WeightedRandomChoice","ca","","net/minecraft/src","1"
"RecipesWeapons","sv","","net/minecraft/src","1"
"ComponentVillageHouse3","fc","ComponentVillage","net/minecraft/src","1"
"EntityChicken","sr","EntityAnimal","net/minecraft/src","1"
"PlayerCapabilities","sc","","net/minecraft/src","1"
"ItemPickaxe","ar","ItemTool","net/minecraft/src","1"
"ChunkCoordinates","bj","","net/minecraft/src","1"
"BlockVine","ll","Block","net/minecraft/src","1"
"ChunkFolderPattern","bx","","net/minecraft/src","1"
"AchievementList","dv","","net/minecraft/src","1"
"IRecipe","de","","net/minecraft/src","1"
"ChunkProviderHell","ms","","net/minecraft/src","1"
"WorldChunkManagerHell","ga","WorldChunkManager","net/minecraft/src","1"
"BlockGravel","kg","BlockSand","net/minecraft/src","1"
"ItemAxe","ou","ItemTool","net/minecraft/src","1"
"EntityZombie","qn","EntityMob","net/minecraft/src","1"
"ChunkProvider","lj","","net/minecraft/src","1"
"ItemSign","qq","Item","net/minecraft/src","1"
"EntityWaterMob","am","EntityCreature","net/minecraft/src","1"
"WorldGenReed","hf","WorldGenerator","net/minecraft/src","1"
"StructureMineshaftStart","ru","StructureStart","net/minecraft/src","1"
"Packet17Sleep","ij","Packet","net/minecraft/src","1"
"ItemCloth","az","ItemBlock","net/minecraft/src","1"
"BlockPortal","af","BlockBreakable","net/minecraft/src","1"
"BlockTrapDoor","ln","Block","net/minecraft/src","1"
"ItemMap","sj","ItemMapBase","net/minecraft/src","1"
"EntityTNTPrimed","nb","Entity","net/minecraft/src","1"
"EntityPainting","mz","Entity","net/minecraft/src","1"
"Packet22Collect","cs","Packet","net/minecraft/src","1"
"BlockBookshelf","fx","Block","net/minecraft/src","1"
"BlockFurnace","ox","BlockContainer","net/minecraft/src","1"
"WorldProvider","st","","net/minecraft/src","1"
"BlockSnow","ib","Block","net/minecraft/src","1"
"BlockLever","tg","Block","net/minecraft/src","1"
"Packet10Flying","gy","Packet","net/minecraft/src","1"
"StatTypeDistance","bd","","net/minecraft/src","1"
"RecipesTools","fu","","net/minecraft/src","1"
"GenLayerDownfall","rb","GenLayer","net/minecraft/src","1"
"InventoryLargeChest","lg","","net/minecraft/src","1"
"MapGenBase","ex","","net/minecraft/src","1"
"BlockSign","py","BlockContainer","net/minecraft/src","1"
"NetLoginHandler","fi","NetHandler","net/minecraft/src","1"
"BlockMushroomCap","rg","Block","net/minecraft/src","1"
"MaterialLogic","al","Material","net/minecraft/src","1"
"ComponentStrongholdRoomCrossing","ir","ComponentStronghold","net/minecraft/src","1"
"BiomeGenSwamp","pa","BiomeGenBase","net/minecraft/src","1"
"GuiStatsListener","jk","","net/minecraft/src","1"
"Packet200Statistic","lf","Packet","net/minecraft/src","1"
"SpawnerAnimals","cd","","net/minecraft/src","1"
"WorldGenTaiga2","sl","WorldGenerator","net/minecraft/src","1"
"BlockSilverfish","mx","Block","net/minecraft/src","1"
"ContainerWorkbench","hh","Container","net/minecraft/src","1"
"NetworkManager","ma","","net/minecraft/src","1"
"PropertyManager","nt","","net/minecraft/src","1"
"ComponentVillageWell","md","ComponentVillage","net/minecraft/src","1"
"ContainerPlayer","t","Container","net/minecraft/src","1"
"EntityFireball","bv","Entity","net/minecraft/src","1"
"WorldChunkManager","tk","","net/minecraft/src","1"
"ComponentVillageHall","p","ComponentVillage","net/minecraft/src","1"
"BlockDeadBush","hn","BlockFlower","net/minecraft/src","1"
"ItemSaddle","oc","Item","net/minecraft/src","1"
"StatTypeSimple","bi","","net/minecraft/src","1"
"Packet61DoorChange","er","Packet","net/minecraft/src","1"
"EntityCow","bo","EntityAnimal","net/minecraft/src","1"
"Empty2","gu","","net/minecraft/src","1"
"BlockDispenser","tf","BlockContainer","net/minecraft/src","1"
"BiomeGenTaiga","g","BiomeGenBase","net/minecraft/src","1"
"BlockPane","sn","Block","net/minecraft/src","1"
"Packet51MapChunk","do","Packet","net/minecraft/src","1"
"ComponentVillageRoadPiece","cf","ComponentVillage","net/minecraft/src","1"
"Packet9Respawn","lw","Packet","net/minecraft/src","1"
"ItemMapBase","cc","Item","net/minecraft/src","1"
"NibbleArray","rx","","net/minecraft/src","1"
"BlockStoneBrick","nd","Block","net/minecraft/src","1"
"EntityBoat","fb","Entity","net/minecraft/src","1"
"Block","qf","","net/minecraft/src","1"
"Packet40EntityMetadata","qi","Packet","net/minecraft/src","1"
"Pathfinder","ey","","net/minecraft/src","1"
"MapData","hj","MapDataBase","net/minecraft/src","1"
"BlockFlower","rq","Block","net/minecraft/src","1"
"StringTranslate","kk","","net/minecraft/src","1"
"ThreadMonitorConnection","sz","","net/minecraft/src","1"
"ServerGUI","qo","","net/minecraft/src","1"
"ICommandListener","pb","","net/minecraft/src","1"
"BlockMobSpawner","co","BlockContainer","net/minecraft/src","1"
"Packet0KeepAlive","jq","Packet","net/minecraft/src","1"
"Packet60Explosion","no","Packet","net/minecraft/src","1"
"MinecraftException","qd","","net/minecraft/src","1"
"FoodStats","oe","","net/minecraft/src","1"
"ItemFlintAndSteel","tp","Item","net/minecraft/src","1"
"RedstoneUpdateInfo","tj","","net/minecraft/src","1"
"EntityDamageSourceIndirect","gl","EntityDamageSource","net/minecraft/src","1"
"StructurePieceBlockSelector","bq","","net/minecraft/src","1"
"MapGenCaves","op","MapGenBase","net/minecraft/src","1"
"ChunkProviderServer","ja","","net/minecraft/src","1"
"EntityList","ho","","net/minecraft/src","1"
"BlockPistonExtension","i","Block","net/minecraft/src","1"
"ComponentMineshaftStairs","iu","StructureComponent","net/minecraft/src","1"
"BlockGlowStone","jp","Block","net/minecraft/src","1"
"WorldServer","en","World","net/minecraft/src","1"
"ServerGuiFocusAdapter","x","","net/minecraft/src","1"
"GenLayerTemperatureMix","cw","GenLayer","net/minecraft/src","1"
"NBTTagByteArray","gj","NBTBase","net/minecraft/src","1"
"PistonBlockTextures","rz","","net/minecraft/src","1"
"ComponentVillageStartPiece","h","ComponentVillageWell","net/minecraft/src","1"
"ComponentStrongholdLibrary","kc","ComponentStronghold","net/minecraft/src","1"
"ChunkProviderGenerate","to","","net/minecraft/src","1"
"WorldGenClay","ka","WorldGenerator","net/minecraft/src","1"
"BlockLadder","cy","Block","net/minecraft/src","1"
"MinecraftServer","MinecraftServer","","net/minecraft/server","1"
